infection_prob,recovery_prob,initial_density,final_infection_rate,avg_infection_rate,avg_steps,avg_agent_a_reward,avg_agent_b_reward
0.2,0.05,0.3,0.924,0.8801666666666665,121.0,2323.6399999999994,-2083.6400000000003
0.2,0.05,0.5,0.9339999999999999,0.9129166666666666,121.0,2410.0999999999995,-2170.0999999999995
0.2,0.05,0.7,0.968,0.936445238095238,84.8,1710.2359999999994,-1542.6359999999997
0.2,0.1,0.3,0.8240000000000001,0.7901166666666668,121.0,2085.9080000000004,-1845.9080000000008
0.2,0.1,0.5,0.808,0.7956666666666667,121.0,2100.56,-1860.5600000000006
0.2,0.1,0.7,0.776,0.7794833333333334,121.0,2057.8360000000002,-1817.8360000000005
0.2,0.15,0.3,0.5539999999999999,0.5216833333333334,121.0,1377.2440000000006,-1137.2440000000001
0.2,0.15,0.5,0.6040000000000001,0.5913833333333333,121.0,1561.252,-1321.2520000000002
0.2,0.15,0.7,0.658,0.6786666666666668,121.0,1791.6799999999998,-1551.6799999999998
0.2,0.3,0.3,0.03,0.09538665725687001,65.2,178.59599999999995,-50.19599999999999
0.2,0.3,0.5,0.0,0.08606022301897348,72.4,127.64399999999985,15.156000000000006
0.2,0.3,0.7,0.0,0.09595646359430827,76.8,170.14800000000005,-18.547999999999924
0.2,0.4,0.3,0.0,0.04783079909377597,40.4,44.87999999999998,33.92
0.2,0.4,0.5,0.0,0.07515179414771897,37.2,53.063999999999965,19.335999999999995
0.2,0.4,0.7,0.0,0.09794153732446413,29.2,59.31199999999999,-2.9120000000000053
0.2,0.5,0.3,0.0,0.07213703703703704,18.4,27.631999999999998,7.1679999999999975
0.2,0.5,0.5,0.0,0.06863492063492063,19.8,28.336000000000002,9.264
0.2,0.5,0.7,0.0,0.08157112847936376,22.0,37.092,4.907999999999998
0.3,0.05,0.3,0.9319999999999998,0.8950166666666666,121.0,2362.844,-2122.844
0.3,0.05,0.5,0.9359999999999999,0.9183333333333333,121.0,2424.399999999999,-2184.4
0.3,0.05,0.7,0.9520000000000002,0.9410925925925925,102.4,2091.8039999999996,-1889.0040000000001
0.3,0.1,0.3,0.8779999999999999,0.8424666666666667,121.0,2224.1120000000005,-1984.1119999999996
0.3,0.1,0.5,0.8559999999999999,0.8551,121.0,2257.463999999999,-2017.4639999999993
0.3,0.1,0.7,0.792,0.7933666666666668,121.0,2094.4880000000003,-1854.488
0.3,0.15,0.3,0.748,0.74145,121.0,1957.4279999999999,-1717.4279999999999
0.3,0.15,0.5,0.724,0.7391500000000001,121.0,1951.3560000000002,-1711.3559999999998
0.3,0.15,0.7,0.688,0.6979000000000001,121.0,1842.455999999999,-1602.455999999999
0.3,0.3,0.3,0.046,0.11997627542383912,83.2,269.896,-105.49599999999995
0.3,0.3,0.5,0.0,0.11196887677940304,76.6,213.61999999999998,-62.420000000000016
0.3,0.3,0.7,0.024,0.12541738344138217,75.6,224.53199999999998,-75.332
0.3,0.4,0.3,0.0,0.0706173166023166,31.0,50.775999999999996,9.223999999999993
0.3,0.4,0.5,0.0,0.08780431177446103,34.6,66.74799999999996,0.45199999999999535
0.3,0.4,0.7,0.0,0.10020142156862746,38.0,80.60799999999998,-6.608000000000002
0.3,0.5,0.3,0.0,0.08053473536267655,22.8,37.971999999999994,5.628
0.3,0.5,0.5,0.0,0.07986119677424026,23.0,37.31199999999998,6.688
0.3,0.5,0.7,0.0,0.1006885756519903,21.6,43.55999999999999,-2.3600000000000043
0.5,0.05,0.3,0.898,0.89125,121.0,2352.899999999999,-2112.8999999999987
0.5,0.05,0.5,0.9280000000000002,0.9192833333333332,121.0,2426.9079999999985,-2186.9079999999994
0.5,0.05,0.7,0.958,0.9498333333333333,121.0,2507.559999999999,-2267.559999999999
0.5,0.1,0.3,0.8860000000000001,0.8575166666666668,121.0,2263.844,-2023.8440000000003
0.5,0.1,0.5,0.858,0.8675666666666666,121.0,2290.3759999999997,-2050.3759999999993
0.5,0.1,0.7,0.906,0.8991999999999999,121.0,2373.888,-2133.887999999999
0.5,0.15,0.3,0.76,0.7778666666666666,121.0,2053.5680000000007,-1813.5680000000007
0.5,0.15,0.5,0.836,0.8333999999999999,121.0,2200.176000000001,-1960.1760000000006
0.5,0.15,0.7,0.8160000000000001,0.8134,121.0,2147.3760000000007,-1907.3760000000002
0.5,0.3,0.3,0.06799999999999999,0.18418387723387725,79.8,420.64,-263.03999999999996
0.5,0.3,0.5,0.122,0.18226290322580652,109.4,462.5279999999998,-245.72799999999984
0.5,0.3,0.7,0.092,0.20642846076961519,85.2,463.53999999999996,-295.1400000000001
0.5,0.4,0.3,0.006,0.09076073562041304,51.4,151.44799999999992,-50.647999999999996
0.5,0.4,0.5,0.0,0.11110878056131406,43.4,123.33200000000002,-38.532
0.5,0.4,0.7,0.0,0.10576759811616956,51.2,146.25599999999997,-45.85600000000003
0.5,0.5,0.3,0.0,0.06909329591785733,50.4,91.872,6.928000000000052
0.5,0.5,0.5,0.0,0.07712525862371064,42.6,92.26800000000014,-9.067999999999946
0.5,0.5,0.7,0.0,0.1211685287387266,32.6,100.89200000000001,-37.69200000000002
0.7,0.05,0.3,0.958,0.9339533333333334,112.0,2276.691999999998,-2054.6919999999986
0.7,0.05,0.5,0.9480000000000001,0.9342499999999999,121.0,2466.42,-2226.420000000001
0.7,0.05,0.7,0.9380000000000001,0.9438666666666666,121.0,2491.8079999999995,-2251.808
0.7,0.1,0.3,0.8880000000000001,0.8928333333333333,121.0,2357.08,-2117.0799999999995
0.7,0.1,0.5,0.9259999999999999,0.8955166666666667,121.0,2364.1639999999998,-2124.1639999999993
0.7,0.1,0.7,0.9399999999999998,0.9282833333333332,121.0,2450.667999999999,-2210.668
0.7,0.15,0.3,0.836,0.8394999999999999,121.0,2216.2799999999997,-1976.2800000000002
0.7,0.15,0.5,0.7940000000000002,0.8026333333333333,121.0,2118.9520000000007,-1878.9520000000007
0.7,0.15,0.7,0.826,0.8213166666666666,121.0,2168.2760000000007,-1928.2760000000005
0.7,0.3,0.3,0.21200000000000002,0.2515481481481482,102.4,641.9599999999998,-439.15999999999974
0.7,0.3,0.5,0.21400000000000002,0.3130695402298851,108.6,802.5159999999998,-587.3159999999998
0.7,0.3,0.7,0.27999999999999997,0.32769054054054053,111.8,845.3280000000001,-623.728
0.7,0.4,0.3,0.012,0.1165929149797571,49.0,195.57999999999996,-99.58000000000007
0.7,0.4,0.5,0.012,0.1232508527877723,53.0,210.76,-106.75999999999999
0.7,0.4,0.7,0.012,0.12228556056056054,57.4,204.68800000000002,-91.88800000000005
0.7,0.5,0.3,0.0,0.08834089255396557,31.4,98.42800000000003,-37.62799999999998
0.7,0.5,0.5,0.0,0.1456037524366472,29.4,105.424,-48.624
0.7,0.5,0.7,0.0,0.10062085294016329,41.4,125.17999999999998,-44.380000000000024
0.8,0.05,0.3,0.95,0.9411166666666666,121.0,2484.5480000000002,-2244.5480000000002
0.8,0.05,0.5,0.97,0.9602000000000002,98.2,2061.7519999999986,-1867.3519999999978
0.8,0.05,0.7,0.97,0.9594217948717949,84.4,1761.8039999999987,-1595.0039999999985
0.8,0.1,0.3,0.932,0.9253142857142859,106.8,2146.495999999999,-1934.8959999999993
0.8,0.1,0.5,0.8779999999999999,0.8913666666666668,121.0,2353.2079999999996,-2113.2079999999996
0.8,0.1,0.7,0.868,0.8831,121.0,2331.3840000000005,-2091.3840000000005
0.8,0.15,0.3,0.82,0.8305333333333333,121.0,2192.608000000001,-1952.6080000000009
0.8,0.15,0.5,0.77,0.7882,121.0,2080.8480000000004,-1840.8480000000004
0.8,0.15,0.7,0.818,0.8227166666666668,121.0,2171.972000000001,-1931.9720000000004
0.8,0.3,0.3,0.20400000000000001,0.2607388888888889,115.0,683.0120000000002,-455.01200000000006
0.8,0.3,0.5,0.25000000000000006,0.31428333333333336,121.0,829.7079999999999,-589.7079999999999
0.8,0.3,0.7,0.27,0.3649693548387097,115.6,950.796,-721.5960000000001
0.8,0.4,0.3,0.008,0.11961164074825334,58.8,246.7959999999999,-131.19599999999997
0.8,0.4,0.5,0.006,0.12960690500338065,60.0,232.2759999999999,-114.27600000000004
0.8,0.4,0.7,0.041999999999999996,0.14154102564102566,66.4,256.52,-125.71999999999996
0.8,0.5,0.3,0.0,0.09321436925647451,48.8,123.19999999999997,-27.600000000000012
0.8,0.5,0.5,0.0,0.1143782306737128,34.8,131.824,-64.22399999999999
0.8,0.5,0.7,0.024,0.10689060175794454,41.8,143.92400000000004,-62.324000000000055
